Date,Time,Systolic (mmHg),Diastolic (mmHg),Pulse (bpm),Symptoms,Consumed,TruRead,Irregular heartbeat detected,Body Movement,Cuff wrap guide,Positioning Indicator,Measurement Mode,Possible AFib,Device,Notes
13 Sep 2024,10:59,146,92,66,-,-,-, , , , , , ,X7 Smart,-
12 Sep 2024,20:09,132,81,70,-,-,-, , , , , , ,X7 Smart,-
12 Sep 2024,15:22,137,86,75,-,-,-, , , , , , ,X7 Smart,-
11 Sep 2024,21:00,129,83,66,-,-,-, , , , , , ,X7 Smart,-
11 Sep 2024,12:33,137,85,69,-,-,-, , , , , , ,X7 Smart,-
11 Sep 2024,09:14,156,93,69,-,-,-, , , , , , ,X7 Smart,-
10 Sep 2024,14:27,126,79,68,-,-,-, , , , , , ,X7 Smart,-
09 Sep 2024,20:40,141,90,65,-,-,-, , , , , , ,X7 Smart,-
09 Sep 2024,15:55,131,80,72,-,-,-, , , , , , ,X7 Smart,-
09 Sep 2024,08:50,132,91,68,-,-,-, , , , , , ,X7 Smart,-
08 Sep 2024,20:50,137,86,69,-,-,-, , , , , , ,X7 Smart,-
20 Jul 2024,09:40,90,65,76,-,-,-, , , , , , ,X7 Smart,-

